{
  "overall_metrics": {
    "mAP": 0.2581905770482275,
    "mAP_50": 0.47754647311228327,
    "mAP_75": 0.24292114162577674,
    "mAP_small": 0.06397981284248881,
    "mAP_medium": 0.23153866791373878,
    "mAP_large": 0.46970342516084734,
    "mAR_1": 0.19602226927448163,
    "mAR_10": 0.3502928352375255,
    "mAR_100": 0.37710006193413276,
    "mAR_small": 0.12244810203022609,
    "mAR_medium": 0.392296659680532,
    "mAR_large": 0.5881332347753918
  },
  "per_category_metrics": {
    "Car": {
      "AP": 0.21797040614945465,
      "AP_50": 0.4659745839164379,
      "AP_75": 0.18449685854842496
    },
    "Bus": {
      "AP": 0.4468829885881072,
      "AP_50": 0.6194938283268486,
      "AP_75": 0.5313260620265277
    },
    "Person": {
      "AP": 0.2612067159779035,
      "AP_50": 0.5540094841219553,
      "AP_75": 0.22081960816310045
    },
    "Truck": {
      "AP": 0.22154433134006452,
      "AP_50": 0.36713190669751106,
      "AP_75": 0.22129771016890584
    },
    "Motorcycle": {
      "AP": 0.2850026864315506,
      "AP_50": 0.5794583514025018,
      "AP_75": 0.25262191437805487
    },
    "Bicycle": {
      "AP": 0.11653633380228487,
      "AP_50": 0.2792106842084449,
      "AP_75": 0.04696469646964696
    }
  },
  "evaluation_timestamp": "2025-08-28T07:31:55"
}