{
  "train_losses": [
    5.758764059463148,
    3.9759561240567196,
    3.361783319849316,
    2.9618341863472972,
    2.668989652850488,
    2.420339616746716,
    2.2219103115278283,
    2.048379751971094,
    1.8947012125916423,
    1.7682559460560339,
    1.6417994422980353,
    1.5406215164420025,
    1.4456597577191586,
    1.3569818366696103,
    1.2813755613660727,
    1.2071184461959514,
    1.1328059046348924,
    1.0756276313407382,
    1.0144404957391864,
    0.9615905390751298
  ],
  "val_losses": [
    4.501005530357361,
    3.773682102243951,
    3.3723531073712287,
    3.065239445960268,
    2.845261630225689,
    2.7017636768361357,
    2.5590795779481845,
    2.459338500778726,
    2.3595412570111294,
    2.2917464293063956,
    2.2132522635003355,
    2.1944550668939633,
    2.127735712426774,
    2.09409409824838,
    2.0643224640095488,
    2.0512222761803485,
    2.0228280805526895,
    1.982382431309274,
    1.9898187251801187,
    1.9598036592311048
  ],
  "epochs": [
    0,
    1,
    2,
    3,
    4,
    5,
    6,
    7,
    8,
    9,
    10,
    11,
    12,
    13,
    14,
    15,
    16,
    17,
    18,
    19
  ]
}